sku,category,name,url,price,upc,shipping,model,manufacturer,type,image,description
43900,"[{u'id': u'pcmcat312300050015', u'name': u'Connected Home & Housewares'}, {u'id': u'pcmcat248700050021', u'name': u'Housewares'}, {u'id': u'pcmcat303600050001', u'name': u'Household Batteries'}, {u'id': u'abcat0208002', u'name': u'Alkaline Batteries'}]",Duracell - AAA Batteries (4-Pack),http://www.bestbuy.com/site/duracell-aaa-batteries-4-pack/43900.p?id=1051384074145&skuId=43900&cmp=RMXCC,5.49,041333424019,5.49,MN2400B4Z,Duracell,HardGood,http://img.bbystatic.com/BestBuy_US/images/products/4390/43900_sa.jpg,Compatible with select electronic devices; AAA size; DURALOCK Power Preserve technology; 4-pack
48530,"[{u'id': u'pcmcat312300050015', u'name': u'Connected Home & Housewares'}, {u'id': u'pcmcat248700050021', u'name': u'Housewares'}, {u'id': u'pcmcat303600050001', u'name': u'Household Batteries'}, {u'id': u'abcat0208002', u'name': u'Alkaline Batteries'}]",Duracell - AA 1.5V CopperTop Batteries (4-Pack),http://www.bestbuy.com/site/duracell-aa-1-5v-coppertop-batteries-4-pack/48530.p?id=1099385268988&skuId=48530&cmp=RMXCC,5.49,041333415017,5.49,MN1500B4Z,Duracell,HardGood,http://img.bbystatic.com/BestBuy_US/images/products/4853/48530_sa.jpg,"Long-lasting energy; DURALOCK Power Preserve technology; for toys, clocks, radios, games, remotes, PDAs and more"
127687,"[{u'id': u'pcmcat312300050015', u'name': u'Connected Home & Housewares'}, {u'id': u'pcmcat248700050021', u'name': u'Housewares'}, {u'id': u'pcmcat303600050001', u'name': u'Household Batteries'}, {u'id': u'abcat0208002', u'name': u'Alkaline Batteries'}]",Duracell - AA Batteries (8-Pack),http://www.bestbuy.com/site/duracell-aa-batteries-8-pack/127687.p?id=1051384045676&skuId=127687&cmp=RMXCC,7.49,041333825014,5.49,MN1500B8Z,Duracell,HardGood,http://img.bbystatic.com/BestBuy_US/images/products/1276/127687_sa.jpg,Compatible with select electronic devices; AA size; DURALOCK Power Preserve technology; 8-pack
150115,"[{u'id': u'pcmcat312300050015', u'name': u'Connected Home & Housewares'}, {u'id': u'pcmcat248700050021', u'name': u'Housewares'}, {u'id': u'pcmcat303600050001', u'name': u'Household Batteries'}, {u'id': u'abcat0208002', u'name': u'Alkaline Batteries'}]",Energizer - MAX Batteries AA (4-Pack),http://www.bestbuy.com/site/energizer-max-batteries-aa-4-pack/150115.p?id=1051384046217&skuId=150115&cmp=RMXCC,4.99,039800011329,5.49,E91BP-4,Energizer,HardGood,http://img.bbystatic.com/BestBuy_US/images/products/1501/150115_sa.jpg,4-pack AA alkaline batteries; battery tester included
185230,"[{u'id': u'pcmcat312300050015', u'name': u'Connected Home & Housewares'}, {u'id': u'pcmcat248700050021', u'name': u'Housewares'}, {u'id': u'pcmcat303600050001', u'name': u'Household Batteries'}, {u'id': u'abcat0208002', u'name': u'Alkaline Batteries'}]",Duracell - C Batteries (4-Pack),http://www.bestbuy.com/site/duracell-c-batteries-4-pack/185230.p?id=1051384046486&skuId=185230&cmp=RMXCC,8.99,041333440019,5.49,MN1400R4Z,Duracell,HardGood,http://img.bbystatic.com/BestBuy_US/images/products/1852/185230_sa.jpg,Compatible with select electronic devices; C size; DURALOCK Power Preserve technology; 4-pack
185267,"[{u'id': u'pcmcat312300050015', u'name': u'Connected Home & Housewares'}, {u'id': u'pcmcat248700050021', u'name': u'Housewares'}, {u'id': u'pcmcat303600050001', u'name': u'Household Batteries'}, {u'id': u'abcat0208002', u'name': u'Alkaline Batteries'}]",Duracell - D Batteries (4-Pack),http://www.bestbuy.com/site/duracell-d-batteries-4-pack/185267.p?id=1051384046551&skuId=185267&cmp=RMXCC,9.99,041333430010,5.99,MN1300R4Z,Duracell,HardGood,http://img.bbystatic.com/BestBuy_US/images/products/1852/185267_sa.jpg,Compatible with select electronic devices; D size; DURALOCK Power Preserve technology; 4-pack
312290,"[{u'id': u'pcmcat312300050015', u'name': u'Connected Home & Housewares'}, {u'id': u'pcmcat248700050021', u'name': u'Housewares'}, {u'id': u'pcmcat303600050001', u'name': u'Household Batteries'}, {u'id': u'abcat0208002', u'name': u'Alkaline Batteries'}]",Duracell - 9V Batteries (2-Pack),http://www.bestbuy.com/site/duracell-9v-batteries-2-pack/312290.p?id=1051384050321&skuId=312290&cmp=RMXCC,7.99,041333216010,5.49,MN1604B2Z,Duracell,HardGood,http://img.bbystatic.com/BestBuy_US/images/products/3122/312290_sa.jpg,Compatible with select electronic devices; alkaline chemistry; 9V size; DURALOCK Power Preserve technology; 2-pack
324884,"[{u'id': u'pcmcat113100050015', u'name': u'Carfi Instore Only'}]",Directed Electronics - Viper Audio Glass Break Sensor,http://www.bestbuy.com/site/directed-electronics-viper-audio-glass-break-sensor/324884.p?id=1112808077651&skuId=324884&cmp=RMXCC,39.99,093207005060,0,506T,Directed Electronics,HardGood,http://img.bbystatic.com/BestBuy_US/images/products/3248/324884_rc.jpg,From our expanded online assortment; compatible with Directed Electronics alarm systems; microphone and microprocessor detect and analyze intrusions; detects quiet glass breaks
333179,"[{u'id': u'pcmcat312300050015', u'name': u'Connected Home & Housewares'}, {u'id': u'pcmcat248700050021', u'name': u'Housewares'}, {u'id': u'pcmcat303600050001', u'name': u'Household Batteries'}, {u'id': u'abcat0208006', u'name': u'Specialty Batteries'}]",Energizer - N Cell E90 Batteries (2-Pack),http://www.bestbuy.com/site/energizer-n-cell-e90-batteries-2-pack/333179.p?id=1185268509951&skuId=333179&cmp=RMXCC,5.99,039800013200,5.49,E90BP-2,Energizer,HardGood,http://img.bbystatic.com/BestBuy_US/images/products/3331/333179_sa.jpg,Alkaline batteries; 1.5V
346575,"[{u'id': u'abcat0300000', u'name': u'Car Electronics & GPS'}, {u'id': u'pcmcat165900050023', u'name': u'Car Installation Parts & Accessories'}, {u'id': u'pcmcat331600050007', u'name': u'Car Audio Installation Parts'}, {u'id': u'pcmcat165900050031', u'name': u'Deck Installation Parts'}, {u'id': u'pcmcat165900050033', u'name': u'Dash Installation Kits'}]","Metra - Radio Installation Dash Kit for Most 1989-2000 Ford, Lincoln & Mercury Vehicles - Black",http://www.bestbuy.com/site/metra-radio-installation-dash-kit-for-most-1989-2000-ford-lincoln-mercury-vehicles-black/346575.p?id=1218118704590&skuId=346575&cmp=RMXCC,16.99,086429002757,0,99-5512,Metra,HardGood,http://img.bbystatic.com/BestBuy_US/images/products/3465/346575_rc.jpg,"From our expanded online assortment; compatible with most 1989-2000 Ford, Lincoln and Mercury vehicles; snap-in TurboKit offers fast installation; spacer/trim ring; rear support bracket"
346646,"[{u'id': u'abcat0300000', u'name': u'Car Electronics & GPS'}, {u'id': u'pcmcat165900050023', u'name': u'Car Installation Parts & Accessories'}, {u'id': u'pcmcat331600050007', u'name': u'Car Audio Installation Parts'}, {u'id': u'pcmcat165900050031', u'name': u'Deck Installation Parts'}, {u'id': u'pcmcat165900050033', u'name': u'Dash Installation Kits'}]",Metra - Radio Dash Multikit for Select GM Vehicles - Black,http://www.bestbuy.com/site/metra-radio-dash-multikit-for-select-gm-vehicles-black/346646.p?id=1210376657731&skuId=346646CC,16.99,086429003273,0,99-4500,Metra,HardGood,http://img.bbystatic.com/BestBuy_US/images/products/3466/346646_rc.jpg,From our expanded online assortment; compatible with select GM vehicles; plastic material
347137,"[{u'id': u'abcat0300000', u'name': u'Car Electronics & GPS'}, {u'id': u'pcmcat165900050023', u'name': u'Car Installation Parts & Accessories'}, {u'id': u'pcmcat331600050007', u'name': u'Car Audio Installation Parts'}, {u'id': u'pcmcat165900050031', u'name': u'Deck Installation Parts'}, {u'id': u'pcmcat165900050034', u'name': u'Deck Harnesses'}]",Metra - Wiring Harness for Select 1998-2008 Ford Vehicles - Multicolored,http://www.bestbuy.com/site/metra-wiring-harness-for-select-1998-2008-ford-vehicles-multicolored/347137.p?id=1142290459780&skuId=347137&cmp=RMXCC,16.99,086429056514,0,70-1771,Metra,HardGood,http://img.bbystatic.com/BestBuy_US/images/products/9852/9852688_sa.jpg,Compatible with select 1998-2008 Ford vehicles; connects an aftermarket radio to a vehicle's harness
347146,"[{u'id': u'abcat0300000', u'name': u'Car Electronics & GPS'}, {u'id': u'pcmcat165900050023', u'name': u'Car Installation Parts & Accessories'}, {u'id': u'pcmcat331600050007', u'name': u'Car Audio Installation Parts'}, {u'id': u'pcmcat165900050031', u'name': u'Deck Installation Parts'}, {u'id': u'pcmcat165900050034', u'name': u'Deck Harnesses'}]",Metra - Turbo Wire Aftermarket Radio Wire Harness Adapter for Select Vehicles,http://www.bestbuy.com/site/metra-turbo-wire-aftermarket-radio-wire-harness-adapter-for-select-vehicles/347146.p?id=1183160746244&skuId=347146&cmp=RMXCC,16.99,086429056507,0,70-1721,Metra,HardGood,http://img.bbystatic.com/BestBuy_US/images/products/3471/347146_rc.jpg,Compatible with Honda and Acura vehicles; connects an aftermarket radio to your car's harness
347155,"[{u'id': u'abcat0300000', u'name': u'Car Electronics & GPS'}, {u'id': u'pcmcat165900050023', u'name': u'Car Installation Parts & Accessories'}, {u'id': u'pcmcat331600050007', u'name': u'Car Audio Installation Parts'}, {u'id': u'pcmcat165900050031', u'name': u'Deck Installation Parts'}, {u'id': u'pcmcat165900050034', u'name': u'Deck Harnesses'}]",Metra - Wiring Harness for Most 1986-1998 Honda Acura Vehicles - Multicolored,http://www.bestbuy.com/site/metra-wiring-harness-for-most-1986-1998-honda-acura-vehicles-multicolored/347155.p?id=1142292396747&skuId=347155&cmp=RMXCC,16.99,086429002597,0,70-1720,Metra,HardGood,http://img.bbystatic.com/BestBuy_US/images/products/3471/347155_rc.jpg,Compatible with most 1986-1998 Honda Acura vehicles; connects an aftermarket radio to a vehicle's harness
347333,"[{u'id': u'abcat0300000', u'name': u'Car Electronics & GPS'}, {u'id': u'pcmcat165900050023', u'name': u'Car Installation Parts & Accessories'}, {u'id': u'pcmcat331600050007', u'name': u'Car Audio Installation Parts'}, {u'id': u'pcmcat165900050031', u'name': u'Deck Installation Parts'}, {u'id': u'pcmcat165900050032', u'name': u'Antennas & Adapters'}]",METRA - Antenna Cable Adapter - Black,http://www.bestbuy.com/site/metra-antenna-cable-adapter-black/347333.p?id=1169512349334&skuId=347333&cmp=RMXCC,13.99,086429007189,0,40VW10,METRA,HardGood,http://img.bbystatic.com/BestBuy_US/images/products/3473/347333_sa.jpg,Compatible with select 1988-2005 vehicles; adapts an aftermarket antenna to OEM radios; flat plug
349572,"[{u'id': u'pcmcat298100050010', u'name': u'In-Store Only'}]",INSTALL - PORTABLE RADAR DETECTOR INST,http://www.bestbuy.com/site/install-portable-radar-detector-inst/349572.p?id=1218019625086&skuId=349572&cmp=RMXCC,29.99,400003495726,,PRT RDR IN,INSTALL,HardGood,http://img.bbystatic.com/BestBuy_US/images/products/nonsku/default_hardlines_m.gif,PORTABLE RADAR DETECTOR INST
373642,"[{u'id': u'pcmcat312300050015', u'name': u'Connected Home & Housewares'}, {u'id': u'abcat0802000', u'name': u'Telephones & Communication'}, {u'id': u'abcat0811011', u'name': u'Telephone Accessories'}, {u'id': u'abcat0811012', u'name': u'Cordless Phone Batteries'}]",Jensen - 3.6V NiCad Battery for 900MHz Phones,http://www.bestbuy.com/site/jensen-3-6v-nicad-battery-for-900mhz-phones/373642.p?id=1051384793767&skuId=373642&cmp=RMXCC,19.99,044476085840,5.49,P-3303,Jensen,HardGood,http://img.bbystatic.com/BestBuy_US/images/products/3736/373642_rc.jpg,Rechargeable 3.6V 300 mAh NiCad battery for GE 2-9614 model cordless phones
478398,"[{u'id': u'abcat0300000', u'name': u'Car Electronics & GPS'}, {u'id': u'pcmcat165900050023', u'name': u'Car Installation Parts & Accessories'}, {u'id': u'pcmcat331600050007', u'name': u'Car Audio Installation Parts'}, {u'id': u'pcmcat165900050031', u'name': u'Deck Installation Parts'}, {u'id': u'pcmcat165900050033', u'name': u'Dash Installation Kits'}]","Metra - Radio Installation Dash Kit for Select Ford, Mazda and Mercury Vehicles (Pair) - Black",http://www.bestbuy.com/site/metra-radio-installation-dash-kit-for-select-ford-mazda-and-mercury-vehicles-pair-black/478398.p?id=1185268614282&skuId=478398&cmp=RMXCC,16.99,086429018871,0,99-5600,Metra,HardGood,http://img.bbystatic.com/BestBuy_US/images/products/4783/478398_rc.jpg,"From our expanded online assortment; compatible with select Ford, Mazda and Mercury vehicles; allows the installation of an aftermarket radio into the factory dash location; high-grade ABS plastic material"
612732,"[{u'id': u'abcat0300000', u'name': u'Car Electronics & GPS'}, {u'id': u'pcmcat165900050023', u'name': u'Car Installation Parts & Accessories'}, {u'id': u'pcmcat331600050007', u'name': u'Car Audio Installation Parts'}, {u'id': u'pcmcat165900050031', u'name': u'Deck Installation Parts'}, {u'id': u'pcmcat165900050033', u'name': u'Dash Installation Kits'}]","Metra - 1/4"" DIN Trim Ring for Most Vehicles",http://www.bestbuy.com/site/metra-1-4-din-trim-ring-for-most-vehicles/612732.p?id=1179531744934&skuId=612732&cmp=RMXCC,10.99,086429005536,0,89-30-0250,Metra,HardGood,http://img.bbystatic.com/BestBuy_US/images/products/6127/612732_sa.jpg,Compatible with most vehicles; designed for the installation of an aftermarket radio
643600,"[{u'id': u'abcat0300000', u'name': u'Car Electronics & GPS'}, {u'id': u'pcmcat165900050023', u'name': u'Car Installation Parts & Accessories'}, {u'id': u'pcmcat331600050007', u'name': u'Car Audio Installation Parts'}, {u'id': u'pcmcat165900050031', u'name': u'Deck Installation Parts'}, {u'id': u'pcmcat165900050034', u'name': u'Deck Harnesses'}]",Metra - Turbowire Radio Harness Adapter for Select Jeep Vehicles,http://www.bestbuy.com/site/metra-turbowire-radio-harness-adapter-for-select-jeep-vehicles/643600.p?id=1183160746436&skuId=643600&cmp=RMXCC,16.99,086429003341,0,70-1002,Metra,HardGood,http://img.bbystatic.com/BestBuy_US/images/products/6436/643600_rc.jpg,Compatible with select Jeep vehicles; ABS and vinyl construction; colored-coded wires
643628,"[{u'id': u'abcat0300000', u'name': u'Car Electronics & GPS'}, {u'id': u'pcmcat165900050023', u'name': u'Car Installation Parts & Accessories'}, {u'id': u'pcmcat331600050007', u'name': u'Car Audio Installation Parts'}, {u'id': u'pcmcat165900050031', u'name': u'Deck Installation Parts'}, {u'id': u'pcmcat165900050034', u'name': u'Deck Harnesses'}]",Metra - Speaker Connector for Select Volkswagen Vehicles,http://www.bestbuy.com/site/metra-speaker-connector-for-select-volkswagen-vehicles/643628.p?id=1183160746500&skuId=643628&cmp=RMXCC,16.99,086429113255,0,VW-9000,Metra,HardGood,http://img.bbystatic.com/BestBuy_US/images/products/6436/643628_rc.jpg,Compatible with select Volkswagen vehicles; connects a speaker to the vehicle's stereo; easy installation
643691,"[{u'id': u'abcat0300000', u'name': u'Car Electronics & GPS'}, {u'id': u'pcmcat165900050023', u'name': u'Car Installation Parts & Accessories'}, {u'id': u'pcmcat331600050007', u'name': u'Car Audio Installation Parts'}, {u'id': u'pcmcat165900050031', u'name': u'Deck Installation Parts'}, {u'id': u'pcmcat165900050034', u'name': u'Deck Harnesses'}]",Metra - Speaker Connector for Select Mitsubishi and Chrysler Vehicles,http://www.bestbuy.com/site/metra-speaker-connector-for-select-mitsubishi-and-chrysler-vehicles/643691.p?id=1218019642861&skuId=643691&cmp=RMXCC,19.99,086429002528,0,70-1743,Metra,HardGood,http://img.bbystatic.com/BestBuy_US/images/products/6436/643691_rc.jpg,From our expanded online assortment; compatible with 1987 - 1993 Mitsubishi and Chrysler vehicles; color-coded wires
643717,"[{u'id': u'abcat0300000', u'name': u'Car Electronics & GPS'}, {u'id': u'pcmcat165900050023', u'name': u'Car Installation Parts & Accessories'}, {u'id': u'pcmcat331600050007', u'name': u'Car Audio Installation Parts'}, {u'id': u'pcmcat165900050031', u'name': u'Deck Installation Parts'}, {u'id': u'pcmcat165900050034', u'name': u'Deck Harnesses'}]",Metra - Wiring Harness for Most 1990-2001 Mazda Vehicles - Multicolored,http://www.bestbuy.com/site/metra-wiring-harness-for-most-1990-2001-mazda-vehicles-multicolored/643717.p?id=1142291937563&skuId=643717&cmp=RMXCC,16.99,086429002627,0,70-7901,Metra,HardGood,http://img.bbystatic.com/BestBuy_US/images/products/6437/643717_rc.jpg,Compatible with most 1990-2001 Mazda vehicles; connects an aftermarket radio to a vehicle's harness
673890,"[{u'id': u'abcat0300000', u'name': u'Car Electronics & GPS'}, {u'id': u'pcmcat165900050023', u'name': u'Car Installation Parts & Accessories'}, {u'id': u'pcmcat331600050007', u'name': u'Car Audio Installation Parts'}, {u'id': u'pcmcat165900050031', u'name': u'Deck Installation Parts'}, {u'id': u'pcmcat165900050033', u'name': u'Dash Installation Kits'}]",Metra - Professional Installer Series TurboKit,http://www.bestbuy.com/site/metra-professional-installer-series-turbokit/673890.p?id=1118842643714&skuId=673890&cmp=RMXCC,16.99,086429003792,0,99-3410,Metra,HardGood,http://img.bbystatic.com/BestBuy_US/images/products/9852/9852688_sa.jpg,"From our expanded online assortment; compatible with select Chevrolet, Geo and Suzuki vehicles; allows installation of an aftermarket radio; provision for a 1/4"" or 1/2"" DIN equalizer; mounts precisely to OEM radio mounting positions"
677379,"[{u'id': u'abcat0300000', u'name': u'Car Electronics & GPS'}, {u'id': u'pcmcat165900050023', u'name': u'Car Installation Parts & Accessories'}, {u'id': u'pcmcat331600050007', u'name': u'Car Audio Installation Parts'}, {u'id': u'pcmcat165900050031', u'name': u'Deck Installation Parts'}, {u'id': u'pcmcat165900050034', u'name': u'Deck Harnesses'}]",Metra - Wiring Harness for Most 1987 and Later Toyota Scion Vehicles - Multicolored,http://www.bestbuy.com/site/metra-wiring-harness-for-most-1987-and-later-toyota-scion-vehicles-multicolored/677379.p?id=1142292397025&skuId=677379&cmp=RMXCC,16.99,086429002658,0,70-1761,Metra,HardGood,http://img.bbystatic.com/BestBuy_US/images/products/6773/677379_rc.jpg,Compatible with most 1987 and later Toyota Scion vehicles; connects an aftermarket radio to a vehicle's harness
1002651,"[{u'id': u'abcat0300000', u'name': u'Car Electronics & GPS'}, {u'id': u'abcat0302000', u'name': u'Car Audio'}, {u'id': u'abcat0302034', u'name': u'Car Subwoofers & Enclosures'}, {u'id': u'abcat0302037', u'name': u'Car Subwoofers'}]","Polk Audio - 12"" Single-Voice-Coil 4-Ohm Subwoofer - Black",http://www.bestbuy.com/site/polk-audio-12-single-voice-coil-4-ohm-subwoofer-black/1002651.p?id=1218207304075&skuId=1002651&cmp=RMXCC,99.99,747192120672,0,DXi124 SVC,Polk Audio,HardGood,http://img.bbystatic.com/BestBuy_US/images/products/1002/1002651_sa.jpg,720W peak power handling; Klippel-optimized driver components; polymer woofer cone; butyl rubber surround
1003003,"[{u'id': u'abcat0207000', u'name': u'Musical Instruments'}, {u'id': u'pcmcat152100050020', u'name': u'Recording Equipment'}, {u'id': u'pcmcat152100050026', u'name': u'Sound Recording Software'}]",Hard Rock TrackPak - Mac,http://www.bestbuy.com/site/hard-rock-trackpak-mac/1003003.p?id=1219460773621&skuId=1003003CC,29.99,884088157425,5.49,631384,Hal Leonard,Software,http://img.bbystatic.com/BestBuy_US/images/products/1003/1003003_sa.jpg,"HAL LEONARD Hard Rock TrackPak: Features 12 hard rock and metal Apple Loops; compatible with GarageBand; includes guitars, bass, drums and synth parts"
1003012,"[{u'id': u'pcmcat252700050006', u'name': u'Toys, Games & Drones'}, {u'id': u'pcmcat244200050008', u'name': u'TV, Movie & Character Toys'}, {u'id': u'pcmcat313400050000', u'name': u'Music Memorabilia'}]",Aquarius - Fender Playing Cards Gift Tin - Red/Black,http://www.bestbuy.com/site/aquarius-fender-playing-cards-gift-tin-red-black/1003012.p?id=1219460762329&skuId=1003012CC,13.99,840391103474,5.49,104048,Aquarius,HardGood,http://img.bbystatic.com/BestBuy_US/images/products/1003/1003012_sa.jpg,AQUARIUS Fender Playing Cards Gift Tin: 2 decks; hinged gift tin; 52 different images per deck
1003021,"[{u'id': u'abcat0207000', u'name': u'Musical Instruments'}, {u'id': u'abcat0208024', u'name': u'Musical Instrument Accessories'}, {u'id': u'pcmcat151600050042', u'name': u'Keyboard Accessories'}]",LoDuca Bros Inc - Deluxe Keyboard Bench - Black,http://www.bestbuy.com/site/loduca-bros-inc-deluxe-keyboard-bench-black/1003021.p?id=1219460755391&skuId=1003021&cmp=RMXCC,79.99,013148475753,0,47575,LoDuca Bros Inc,HardGood,http://img.bbystatic.com/BestBuy_US/images/products/1003/1003021_sa.jpg,"LODUCA BROS. INC. Deluxe Keyboard Bench: Metal base; 13"" x 24"" padded seat; cross brace for support; adjusts to 3 different heights; can fit up to 2 people; folding design"
1003049,"[{u'id': u'pcmcat252700050006', u'name': u'Toys, Games & Drones'}, {u'id': u'pcmcat244200050008', u'name': u'TV, Movie & Character Toys'}, {u'id': u'pcmcat287400050019', u'name': u'More Pop Culture Merchandise'}]",Trumpet Multimedia - Trumpets That Work 2015 Calendar - Black,http://www.bestbuy.com/site/trumpet-multimedia-trumpets-that-work-2015-calendar-black/1003049.p?id=1219460775571&skuId=1003049CC,23.95,888680029050,5.49,137869,Trumpet Multimedia,HardGood,http://img.bbystatic.com/BestBuy_US/images/products/1003/1003049_sa.jpg,TRUMPET MULTIMEDIA Trumpets That Work 2015 Calendar: 2015 calendar; Trumpets That Work design
1003067,"[{u'id': u'abcat0207000', u'name': u'Musical Instruments'}, {u'id': u'pcmcat152100050020', u'name': u'Recording Equipment'}, {u'id': u'pcmcat152100050026', u'name': u'Sound Recording Software'}]",Pro Tools Tier 1 Audio Plug-In for PC and Mac Activation Card - Windows|Mac,http://www.bestbuy.com/site/pro-tools-tier-1-audio-plug-in-for-pc-and-mac-activation-card-windowsmac/1003067.p?id=1219460762559&skuId=1003067CC,99,724643116026,0,99006543700,Avid,Software,http://img.bbystatic.com/BestBuy_US/images/products/1003/1003067_sa.jpg,"AVID Pro Tools Tier 1 Audio Plug-In for PC and Mac Activation Card: Compatible with PC and Mac; redeemable for a (TL) Aggro, Bruno/Reso, Cosmonaut Voice, DINR, (TL) Drum Rehab, (TL) EveryPhase, Reel Tape Saturation or other Avid Tier 1-level plug-in"
1003076,"[{u'id': u'abcat0207000', u'name': u'Musical Instruments'}, {u'id': u'pcmcat152100050035', u'name': u'Microphones & Live Sound'}, {u'id': u'pcmcat152200050008', u'name': u'Live Sound Speakers'}, {u'id': u'pcmcat152200050009', u'name': u'Speaker Monitors'}]",M-Audio - BX8 D2 Studio Monitors (Pair) - Black,http://www.bestbuy.com/site/m-audio-bx8-d2-studio-monitors-pair-black/1003076.p?id=1219460756365&skuId=1003076CC,599.95,724643114053,0,99006517500,M-Audio,HardGood,http://img.bbystatic.com/BestBuy_US/images/products/1003/1003076_sa.jpg,"M-AUDIO BX8 D2 Studio Monitors (Pair): Custom Class AB analog amplifiers; woven low-frequency driver; waveguide-loaded silk-dome tweeter; XLR and 1/4"" inputs"
1003085,"[{u'id': u'pcmcat252700050006', u'name': u'Toys, Games & Drones'}, {u'id': u'pcmcat244200050008', u'name': u'TV, Movie & Character Toys'}, {u'id': u'pcmcat287400050019', u'name': u'More Pop Culture Merchandise'}]",Aquarius - Grateful Dead Skull Logo Chunky Magnet - Red/White/Blue,http://www.bestbuy.com/site/aquarius-grateful-dead-skull-logo-chunky-magnet-red-white-blue/1003085.p?id=1219460769143&skuId=1003085CC,5.99,184709950580,5.49,95058,Aquarius,HardGood,http://img.bbystatic.com/BestBuy_US/images/products/1003/1003085_sa.jpg,AQUARIUS Grateful Dead Skull Logo Chunky Magnet: Features the iconic Grateful Dead skull logo; magnet; chunky design
1003109,"[{u'id': u'abcat0207000', u'name': u'Musical Instruments'}, {u'id': u'pcmcat152100050020', u'name': u'Recording Equipment'}, {u'id': u'pcmcat152100050022', u'name': u'Audio Interfaces'}]",Alesis - AcousticLink Guitar Recording Pack - White,http://www.bestbuy.com/site/alesis-acousticlink-guitar-recording-pack-white/1003109.p?id=1219460761542&skuId=1003109&cmp=RMXCC,79,694318010211,0,ACOUSTICLIN,Alesis,HardGood,http://img.bbystatic.com/BestBuy_US/images/products/1003/1003109_sa.jpg,"ALESIS AcousticLink Guitar Recording Pack: Compatible with most guitars with a 1/4"" connector; built-in analog-to-digital conversion; includes a 16.5' GuitarLink 1/4""-to-USB cable, no-drill acoustic guitar pickup and Cubase LE recording software"
1003127,"[{u'id': u'abcat0207000', u'name': u'Musical Instruments'}, {u'id': u'pcmcat152100050020', u'name': u'Recording Equipment'}, {u'id': u'pcmcat152100050026', u'name': u'Sound Recording Software'}]",Modern Rock TrackPak - Mac,http://www.bestbuy.com/site/modern-rock-trackpak-mac/1003127.p?id=1219460761655&skuId=1003127CC,29.95,073999891799,5.49,740314,Hal Leonard,Software,http://img.bbystatic.com/BestBuy_US/images/products/1003/1003127_sa.jpg,"HAL LEONARD Modern Rock TrackPak: Features 12 modern rock Apple Loops; compatible with GarageBand; includes complete songs, plus individual loops, beats, grooves and riffs for each song's instruments"
1003136,"[{u'id': u'abcat0207000', u'name': u'Musical Instruments'}, {u'id': u'pcmcat152100050020', u'name': u'Recording Equipment'}, {u'id': u'pcmcat152100050026', u'name': u'Sound Recording Software'}]",1970s Rock TrackPak - Mac,http://www.bestbuy.com/site/1970s-rock-trackpak-mac/1003136.p?id=1219460771903&skuId=1003136CC,29.99,884088157449,5.49,631386,Hal Leonard,Software,http://img.bbystatic.com/BestBuy_US/images/products/1003/1003136_sa.jpg,HAL LEONARD 1970s Rock TrackPak: Features 12 classic rock songs; compatible with GarageBand; includes loops for each instrument
1003145,"[{u'id': u'abcat0207000', u'name': u'Musical Instruments'}, {u'id': u'abcat0208024', u'name': u'Musical Instrument Accessories'}, {u'id': u'pcmcat157700050041', u'name': u'Other Musical Instrument Accessories'}]",LoDuca Bros Inc - Professional Digital Photo Studio Kit - Black/White/Blue,http://www.bestbuy.com/site/loduca-bros-inc-professional-digital-photo-studio-kit-black-white-blue/1003145.p?id=1219460763926&skuId=1003145CC,49.99,013148051254,0,5125,LoDuca Bros Inc,HardGood,http://img.bbystatic.com/BestBuy_US/images/products/1003/1003145_rc.jpg,"LODUCA BROS INC Professional Digital Photo Studio Kit: Lets you take professional-quality photos; includes 2 high-output tabletop lights, a 16"" cubed soft-lighting frame and an adjustable mini tabletop tripod; multicompartment, padded carrying case"
1003163,"[{u'id': u'abcat0207000', u'name': u'Musical Instruments'}, {u'id': u'pcmcat152100050020', u'name': u'Recording Equipment'}, {u'id': u'pcmcat152100050026', u'name': u'Sound Recording Software'}]",Groovy Shapes Volume 1 - Windows|Mac,http://www.bestbuy.com/site/groovy-shapes-volume-1-windowsmac/1003163.p?id=1219460764898&skuId=1003163CC,69.95,884088084479,0,99104241500,Sibelius,Software,http://img.bbystatic.com/BestBuy_US/images/pac/products/1312/1312451498/1312451498_sa.jpg,"SIBELIUS Groovy Shapes Volume 1: Teaches the basics of sound, rhythm, pitch and composition; guides students through progressive exercises; lets students create original music; for ages 5 to 7 years"
1003172,"[{u'id': u'abcat0207000', u'name': u'Musical Instruments'}, {u'id': u'pcmcat152100050020', u'name': u'Recording Equipment'}, {u'id': u'pcmcat152100050022', u'name': u'Audio Interfaces'}]",PreSonus - AudioBox iTwo Recording System - Blue/Gray,http://www.bestbuy.com/site/presonus-audiobox-itwo-recording-system-blue-gray/1003172.p?id=1219460769814&skuId=1003172&cmp=RMXCC,159.99,673454002939,0,ABXITWO,PreSonus,HardGood,http://img.bbystatic.com/BestBuy_US/images/products/1003/1003172_sa.jpg,"PRESONUS AudioBox iTwo Recording System: Compatible with Apple iPad, Windows and Mac recording software; 2 combo microphone/line/instrument inputs; Class A microphone preamplifier; balanced TRS monitor output; MIDI I/O; 24-bit/96kHz converters"
1003214,"[{u'id': u'abcat0207000', u'name': u'Musical Instruments'}, {u'id': u'pcmcat152100050020', u'name': u'Recording Equipment'}, {u'id': u'pcmcat152100050022', u'name': u'Audio Interfaces'}]",PreSonus - AudioBox iOne Recording System - Blue/Gray,http://www.bestbuy.com/site/presonus-audiobox-ione-recording-system-blue-gray/1003214.p?id=1219460761184&skuId=1003214&cmp=RMXCC,159.95,673454002922,0,ABXIONE,PreSonus,HardGood,http://img.bbystatic.com/BestBuy_US/images/products/1003/1003214_sa.jpg,"PRESONUS AudioBox iOne Recording System: Compatible with Apple iPad, Windows and Mac recording software; instrument and microphone inputs; Class A microphone preamplifier; balanced TRS monitor output; 24-bit/96kHz converters"
1003232,"[{u'id': u'pcmcat252700050006', u'name': u'Toys, Games & Drones'}, {u'id': u'pcmcat244200050008', u'name': u'TV, Movie & Character Toys'}, {u'id': u'pcmcat287400050019', u'name': u'More Pop Culture Merchandise'}]",Aquarius - Grateful Dead Bear Logo Chunky Magnet - Green/Yellow/Blue/Purple/Red/Orange/Black,http://www.bestbuy.com/site/aquarius-grateful-dead-bear-logo-chunky-magnet-green-yellow-blue-purple-red-orange-black/1003232.p?id=1219460765073&skuId=1003232CC,5.99,184709950603,5.49,95060,Aquarius,HardGood,http://img.bbystatic.com/BestBuy_US/images/products/1003/1003232_sa.jpg,AQUARIUS Grateful Dead Bear Logo Chunky Magnet: Tie-dyed Grateful Dead bear logo; chunky design
1003269,"[{u'id': u'abcat0207000', u'name': u'Musical Instruments'}, {u'id': u'pcmcat152100050020', u'name': u'Recording Equipment'}, {u'id': u'pcmcat152100050026', u'name': u'Sound Recording Software'}]",Addictive Keys: Studio Collection - Mac|Windows,http://www.bestbuy.com/site/addictive-keys-studio-collection-macwindows/1003269.p?id=1219460752588&skuId=1003269CC,179,884088867195,0,XL2001SN,XLN Audio,Software,http://img.bbystatic.com/BestBuy_US/images/products/1003/1003269_sa.jpg,XLN AUDIO Addictive Keys: Studio Collection: Ideal for music producers and musicians; features virtual keyboard instruments; compatible with newer major hosts and DAWs
1003278,"[{u'id': u'abcat0207000', u'name': u'Musical Instruments'}, {u'id': u'pcmcat152100050020', u'name': u'Recording Equipment'}, {u'id': u'pcmcat152100050026', u'name': u'Sound Recording Software'}]",Pro Tools Tier 2 Audio Plug-In for PC and Mac Activation Card - Windows|Mac,http://www.bestbuy.com/site/pro-tools-tier-2-audio-plug-in-for-pc-and-mac-activation-card-windowsmac/1003278.p?id=1219460772921&skuId=1003278CC,299,724643116033,0,99006543800,Avid,Software,http://img.bbystatic.com/BestBuy_US/images/products/1003/1003278_sa.jpg,"AVID Pro Tools Tier 2 Audio Plug-In for PC and Mac Activation Card: Compatible with PC and Mac; redeemable for a Classic Compressors Bundle, Focusrite d2/d3, Impact, JOEMEEK Bundle, Moogerfooger Bundle or other Avid Tier 2-level plug-in"
1003287,"[{u'id': u'abcat0207000', u'name': u'Musical Instruments'}, {u'id': u'pcmcat151600050037', u'name': u'Keyboards'}, {u'id': u'pcmcat151600050039', u'name': u'Midi Keyboards & Controllers'}]",Korg - nanoKey2 25-Key USB MIDI Controller - White/Gray,http://www.bestbuy.com/site/korg-nanokey2-25-key-usb-midi-controller-white-gray/1003287.p?id=1219460771659&skuId=1003287&cmp=RMXCC,49.99,884088605926,0,750403,Korg,HardGood,http://img.bbystatic.com/BestBuy_US/images/products/1003/1003287_sa.jpg,KORG nanoKey2 25-Key USB MIDI Controller: USB MIDI connectivity; 25 velocity-sensitive keys; compatible with the Korg microKEY; PC and Mac compatible
1003296,"[{u'id': u'abcat0207000', u'name': u'Musical Instruments'}, {u'id': u'pcmcat152100050035', u'name': u'Microphones & Live Sound'}, {u'id': u'pcmcat251600050003', u'name': u'Microphones & Accessories'}, {u'id': u'pcmcat152100050038', u'name': u'Microphones'}]",M-Audio - Nova Condenser Microphone - Silver,http://www.bestbuy.com/site/m-audio-nova-condenser-microphone-silver/1003296.p?id=1219460764049&skuId=1003296CC,99.99,694318014851,0,NOVA,M-Audio,HardGood,http://img.bbystatic.com/BestBuy_US/images/products/1003/1003296_sa.jpg,"M-AUDIO Nova Condenser Microphone: 1.1"" evaporated gold diaphragm; solid brass body and capsule; 20Hz - 18kHz frequency response; hard mount and soft case included"
1003319,"[{u'id': u'abcat0207000', u'name': u'Musical Instruments'}, {u'id': u'abcat0208024', u'name': u'Musical Instrument Accessories'}, {u'id': u'pcmcat152100050033', u'name': u'DJ Equipment Accessories'}]",IK Multimedia - iRig Stomp - Black,http://www.bestbuy.com/site/ik-multimedia-irig-stomp-black/1003319.p?id=1219460771904&skuId=1003319&cmp=RMXCC,59.99,884088652456,0,IRIGSTOMPIN,IK Multimedia,HardGood,http://img.bbystatic.com/BestBuy_US/images/products/1003/1003319_sa.jpg,"IK MULTIMEDIA iRig Stomp: Compatible with select Apple iPhone, iPad and iPod touch models, Android and Mac computers; allows use inline with other effects pedals and more; active battery-powered output circuit"
1003328,"[{u'id': u'abcat0207000', u'name': u'Musical Instruments'}, {u'id': u'pcmcat152100050020', u'name': u'Recording Equipment'}, {u'id': u'pcmcat205700050037', u'name': u'Recording Furniture & Stands'}, {u'id': u'pcmcat251600050005', u'name': u'Recording & Music Stands'}]",IK Multimedia - iKlip Xpand Microphone Stand Mount - Black,http://www.bestbuy.com/site/ik-multimedia-iklip-xpand-microphone-stand-mount-black/1003328.p?id=1219460768678&skuId=1003328&cmp=RMXCC,49.99,888680030773,0,IKLIPXPANDIN,IK Multimedia,HardGood,http://img.bbystatic.com/BestBuy_US/images/products/1003/1003328_sa.jpg,"IK MULTIMEDIA iKlip Xpand Microphone Stand Mount: Compatible with most tablets from 7"" to 12.1""; adjustable holder with 4 expandable grips; 2 sure-grip rubber gripping points; rubber padded base; ball joint; smart bracket design; iKlip Stage app"
1003337,"[{u'id': u'abcat0207000', u'name': u'Musical Instruments'}, {u'id': u'pcmcat152100050035', u'name': u'Microphones & Live Sound'}, {u'id': u'pcmcat251600050003', u'name': u'Microphones & Accessories'}, {u'id': u'pcmcat152100050038', u'name': u'Microphones'}, {u'id': u'pcmcat221400050014', u'name': u'Dynamic'}]",M-Audio - AM1 Cardioid Dynamic Microphone - Black/Gray,http://www.bestbuy.com/site/m-audio-am1-cardioid-dynamic-microphone-black-gray/1003337.p?id=1219460755566&skuId=1003337&cmp=RMXCC,29.95,694318009925,5.99,AM1,M-Audio,HardGood,http://img.bbystatic.com/BestBuy_US/images/products/1003/1003337_sa.jpg,"M-AUDIO AM1 Cardioid Dynamic Microphone: For amplifying and recording vocals and instruments; dynamic design; cardioid pickup pattern; steel mesh, foam-lined head grille; die-cast, zinc-alloy housing"
1003346,"[{u'id': u'abcat0207000', u'name': u'Musical Instruments'}, {u'id': u'pcmcat152100050020', u'name': u'Recording Equipment'}, {u'id': u'pcmcat152100050026', u'name': u'Sound Recording Software'}]",Elements Pack - Mac|Windows,http://www.bestbuy.com/site/elements-pack-macwindows/1003346.p?id=1219460763407&skuId=1003346CC,174.99,802240127758,0,119706,Steinberg,Software,http://img.bbystatic.com/BestBuy_US/images/products/1003/1003346_sa.jpg,STEINBERG Elements Pack: Includes Cubase Elements 6 and WaveLab Elements 7 software; lets you produce music and edit audio on your Mac or PC
1003364,"[{u'id': u'abcat0207000', u'name': u'Musical Instruments'}, {u'id': u'pcmcat152100050020', u'name': u'Recording Equipment'}, {u'id': u'pcmcat205700050037', u'name': u'Recording Furniture & Stands'}, {u'id': u'pcmcat251600050005', u'name': u'Recording & Music Stands'}]",IK Multimedia - iKlip Xpand Mini Microphone Stand Mount - Black,http://www.bestbuy.com/site/ik-multimedia-iklip-xpand-mini-microphone-stand-mount-black/1003364.p?id=1219460775226&skuId=1003364CC,39.99,888680029074,0,IKLIPXPANDMN,IK Multimedia,HardGood,http://img.bbystatic.com/BestBuy_US/images/products/1003/1003364_rc.jpg,"IK MULTIMEDIA iKlip Xpand Mini Microphone Stand Mount: Compatible with select Apple iPhone and iPod touch models and most smartphones with 3.5"" to 6"" screens; rubberized Gorilla Grip technology; adjustable clamp; ball joint"
1003373,"[{u'id': u'abcat0207000', u'name': u'Musical Instruments'}, {u'id': u'pcmcat152100050020', u'name': u'Recording Equipment'}, {u'id': u'pcmcat152100050026', u'name': u'Sound Recording Software'}]",Acoustic Rock TrackPak - Mac,http://www.bestbuy.com/site/acoustic-rock-trackpak-mac/1003373.p?id=1219460754207&skuId=1003373CC,29.99,884088157432,5.49,631385,Hal Leonard,Software,http://img.bbystatic.com/BestBuy_US/images/products/1003/1003373_sa.jpg,"HAL LEONARD Acoustic Rock TrackPak: 12 acoustic Apple Loops; compatible with GarageBand; includes guitars, bass, drums and keyboard parts"
1003415,"[{u'id': u'pcmcat252700050006', u'name': u'Toys, Games & Drones'}, {u'id': u'pcmcat244200050008', u'name': u'TV, Movie & Character Toys'}, {u'id': u'pcmcat287400050019', u'name': u'More Pop Culture Merchandise'}]",Aquarius - Elvis Heartthrob Chunky Magnet - Black/White,http://www.bestbuy.com/site/aquarius-elvis-heartthrob-chunky-magnet-black-white/1003415.p?id=1219460773094&skuId=1003415CC,5.99,840391103931,5.49,95179,Aquarius,HardGood,http://img.bbystatic.com/BestBuy_US/images/products/1003/1003415_sa.jpg,AQUARIUS Elvis Heartthrob Chunky Magnet: Features a black-and-white photo of Elvis Presley; chunky design
1003424,"[{u'id': u'pcmcat252700050006', u'name': u'Toys, Games & Drones'}, {u'id': u'pcmcat244200050008', u'name': u'TV, Movie & Character Toys'}, {u'id': u'pcmcat313400050000', u'name': u'Music Memorabilia'}]","Aquarius - Elvis Presley Jailhouse Rock 1,000-Piece Jigsaw Puzzle - Black/White/Red/Yellow/Blue/Green/Orange",http://www.bestbuy.com/site/aquarius-elvis-presley-jailhouse-rock-1000-piece-jigsaw-puzzle-black-white-red-yellow-blue-green-orange/1003424.p?id=1219460761303&skuId=1003424CC,15.99,840391103825,5.99,73022,Aquarius,HardGood,http://img.bbystatic.com/BestBuy_US/images/products/1003/1003424_sa.jpg,"AQUARIUS Elvis Presley Jailhouse Rock 1,000-Piece Jigsaw Puzzle: 1,000 pieces; features Elvis on the set of the iconic film; measures 12"" x 36"" when completed"
1003433,"[{u'id': u'abcat0207000', u'name': u'Musical Instruments'}, {u'id': u'pcmcat152100050020', u'name': u'Recording Equipment'}, {u'id': u'pcmcat152100050026', u'name': u'Sound Recording Software'}]",Pro Tools Tier 3 Audio Plug-In for PC and Mac Activation Card - Windows|Mac,http://www.bestbuy.com/site/pro-tools-tier-3-audio-plug-in-for-pc-and-mac-activation-card-windowsmac/1003433.p?id=1219460754208&skuId=1003433CC,499,724643116040,0,99006543900,Avid,Software,http://img.bbystatic.com/BestBuy_US/images/products/1003/1003433_sa.jpg,"AVID Pro Tools Tier 3 Audio Plug-In for PC and Mac Activation Card: Compatible with PC and Mac; redeemable for an Eleven, ReVibe, (TL) Space (DSP + native) or X-Form Avid Tier 3-level plug-in"
1003451,"[{u'id': u'pcmcat252700050006', u'name': u'Toys, Games & Drones'}, {u'id': u'pcmcat244200050008', u'name': u'TV, Movie & Character Toys'}, {u'id': u'pcmcat313400050000', u'name': u'Music Memorabilia'}]",Aquarius - Genesis Playing Cards - Yellow/Purple/Black/Red,http://www.bestbuy.com/site/aquarius-genesis-playing-cards-yellow-purple-black-red/1003451.p?id=1219460752589&skuId=1003451CC,5.99,840391101463,5.49,52275,Aquarius,HardGood,http://img.bbystatic.com/BestBuy_US/images/products/1003/1003451_sa.jpg,"AQUARIUS Genesis Playing Cards: 2.5"" x 3.5"" playing cards; linen-type finish"
1003488,"[{u'id': u'abcat0207000', u'name': u'Musical Instruments'}, {u'id': u'pcmcat152100050027', u'name': u'DJ & Lighting Equipment'}, {u'id': u'pcmcat152100050031', u'name': u'DJ Console Systems'}]",Korg - nanoKONTROL2 USB MIDI Controller - Black,http://www.bestbuy.com/site/korg-nanokontrol2-usb-midi-controller-black/1003488.p?id=1219460755218&skuId=1003488&cmp=RMXCC,59.99,884088605964,0,K-06,Korg,HardGood,http://img.bbystatic.com/BestBuy_US/images/products/1003/1003488_sa.jpg,"KORG nanoKONTROL2 USB MIDI Controller: 2 USB ports; compatible with Mac, PC, Apple iPad, Korg microKEY, most computer-based DAWs and most music production software"
1003497,"[{u'id': u'pcmcat252700050006', u'name': u'Toys, Games & Drones'}, {u'id': u'pcmcat244200050008', u'name': u'TV, Movie & Character Toys'}, {u'id': u'pcmcat287400050019', u'name': u'More Pop Culture Merchandise'}]",Aquarius - Rush Starman Chunky Magnet - Black/Red/White/Brown,http://www.bestbuy.com/site/aquarius-rush-starman-chunky-magnet-black-red-white-brown/1003497.p?id=1219460772082&skuId=1003497CC,5.99,840391103177,5.49,95159,Aquarius,HardGood,http://img.bbystatic.com/BestBuy_US/images/products/1003/1003497_sa.jpg,AQUARIUS Rush Starman Chunky Magnet: Features Rush's Starman logo; chunky design
1003531,"[{u'id': u'pcmcat252700050006', u'name': u'Toys, Games & Drones'}, {u'id': u'pcmcat244200050008', u'name': u'TV, Movie & Character Toys'}, {u'id': u'pcmcat313400050000', u'name': u'Music Memorabilia'}]",Aquarius - Rush Playing Cards - Red/Black/White,http://www.bestbuy.com/site/aquarius-rush-playing-cards-red-black-white/1003531.p?id=1219460759315&skuId=1003531CC,5.99,840391100671,5.49,52290,Aquarius,HardGood,http://img.bbystatic.com/BestBuy_US/images/products/1003/1003531_sa.jpg,"AQUARIUS Rush Playing Cards: 2.5"" x 3.5"" playing cards; linen-type finish"
1003568,"[{u'id': u'pcmcat252700050006', u'name': u'Toys, Games & Drones'}, {u'id': u'pcmcat274200050008', u'name': u'Games, Puzzles & Cards'}, {u'id': u'pcmcat274200050009', u'name': u'Puzzles'}]",Aquarius - The Beatles Yellow Submarine 600-Piece Jigsaw Puzzle - Blue/Yellow/Red/White/Green/Pink,http://www.bestbuy.com/site/aquarius-the-beatles-yellow-submarine-600-piece-jigsaw-puzzle-blue-yellow-red-white-green-pink/1003568.p?id=1219460774340&skuId=1003568&cmp=RMXCC,15.99,840391101555,5.49,75001,Aquarius,HardGood,http://img.bbystatic.com/BestBuy_US/images/products/1003/1003568_sa.jpg,"AQUARIUS The Beatles Yellow Submarine 600-Piece Jigsaw Puzzle: 600 pieces; features the artwork of The Beatles' Yellow Submarine album; measures 20"" x 27"" when completed"
1003604,"[{u'id': u'abcat0207000', u'name': u'Musical Instruments'}, {u'id': u'pcmcat152200050014', u'name': u'Sheet Music & DVDs'}, {u'id': u'pcmcat202800050013', u'name': u'Sheet Music'}]",Alfred - Katy Perry: Teenage Dream Sheet Music - Pink/Blue,http://www.bestbuy.com/site/alfred-katy-perry-teenage-dream-sheet-music-pink-blue/1003604.p?id=1219460759196&skuId=1003604CC,17.99,884088698072,5.49,701912,Alfred,HardGood,http://img.bbystatic.com/BestBuy_US/images/products/1003/1003604_sa.jpg,"ALFRED Katy Perry: Teenage Dream Sheet Music: Piano, vocal and guitar sheet music for Katy Perry's Teenage Dream"
1003613,"[{u'id': u'abcat0207000', u'name': u'Musical Instruments'}, {u'id': u'pcmcat152100050020', u'name': u'Recording Equipment'}, {u'id': u'pcmcat152100050026', u'name': u'Sound Recording Software'}]",Classic Rock TrackPak - Mac,http://www.bestbuy.com/site/classic-rock-trackpak-mac/1003613.p?id=1219460758906&skuId=1003613CC,29.95,073999280326,5.49,740312,Hal Leonard,Software,http://img.bbystatic.com/BestBuy_US/images/products/1003/1003613_sa.jpg,"HAL LEONARD Classic Rock TrackPak: Features 12 modern rock Apple Loops; compatible with GarageBand; includes complete songs, plus individual loops, beats, grooves and riffs for each song's instruments"
1003622,"[{u'id': u'pcmcat252700050006', u'name': u'Toys, Games & Drones'}, {u'id': u'pcmcat274200050008', u'name': u'Games, Puzzles & Cards'}, {u'id': u'pcmcat274200050009', u'name': u'Puzzles'}]","Aquarius - Fender Stratocaster 1,000-Piece Jigsaw Puzzle - Black/Red/White/Yellow/Green/Orange/Blue",http://www.bestbuy.com/site/aquarius-fender-stratocaster-1000-piece-jigsaw-puzzle-black-red-white-yellow-green-orange-blue/1003622.p?id=1219460752587&skuId=1003622CC,15.99,840391101524,5.99,65236,Aquarius,HardGood,http://img.bbystatic.com/BestBuy_US/images/products/1003/1003622_sa.jpg,"AQUARIUS Fender Stratocaster 1,000-Piece Jigsaw Puzzle: 1,000 pieces; lets you show off your fandom for the guitar; measures 20"" x 27"" when completed"
1003631,"[{u'id': u'abcat0207000', u'name': u'Musical Instruments'}, {u'id': u'pcmcat152100050020', u'name': u'Recording Equipment'}, {u'id': u'pcmcat152100050022', u'name': u'Audio Interfaces'}]",IK Multimedia - iRig MIDI 2 Audio Interface - Black,http://www.bestbuy.com/site/ik-multimedia-irig-midi-2-audio-interface-black/1003631.p?id=1219460755045&skuId=1003631&cmp=RMXCC,99.99,888680030889,0,IPIRIGMIDI2,IK Multimedia,HardGood,http://img.bbystatic.com/BestBuy_US/images/products/1003/1003631_rc.jpg,"IK MULTIMEDIA iRig MIDI 2 Audio Interface: Compatible with Mac, PC and select iOS devices; MIDI input, output and thru jacks; USB and Lightning interface"
1003641,"[{u'id': u'abcat0700000', u'name': u'Video Games'}, {u'id': u'abcat0706000', u'name': u'Wii'}, {u'id': u'abcat0706002', u'name': u'Wii Games'}]",M. Night Shyamalan: The Last Airbender - Nintendo Wii,http://www.bestbuy.com/site/m-night-shyamalan-the-last-airbender-nintendo-wii/1003641.p?id=1218208317435&skuId=1003641&cmp=RMXCC,19.99,785138302515,3.99,30251,THQ,Game,http://img.bbystatic.com/BestBuy_US/images/products/1003/1003641_500x500_sa.jpg,Harness the power of Air and Fire as you join a quest for honor and power
1003659,"[{u'id': u'abcat0207000', u'name': u'Musical Instruments'}, {u'id': u'pcmcat151600050037', u'name': u'Keyboards'}, {u'id': u'pcmcat151600050039', u'name': u'Midi Keyboards & Controllers'}]",M-Audio - Keystation Mini 32 II 32-Key USB MIDI Keyboard Controller - Black/White,http://www.bestbuy.com/site/m-audio-keystation-mini-32-ii-32-key-usb-midi-keyboard-controller-black-white/1003659.p?id=1219460760217&skuId=1003659&cmp=RMXCC,99.95,694318015858,0,117487,M-Audio,HardGood,http://img.bbystatic.com/BestBuy_US/images/products/1003/1003659_sa.jpg,"M-AUDIO Keystation Mini 32 II 32-Key USB MIDI Keyboard Controller: Ignite and Ableton Live Lite software; USB MIDI connectivity; pitch-bend, modulation and octave controls; 32 velocity-sensitive synth-action keys"
1003668,"[{u'id': u'pcmcat252700050006', u'name': u'Toys, Games & Drones'}, {u'id': u'pcmcat274200050008', u'name': u'Games, Puzzles & Cards'}, {u'id': u'pcmcat274200050009', u'name': u'Puzzles'}]","Aquarius - The Beatles Street 1,000-Piece Jigsaw Puzzle - Black/White/Brown",http://www.bestbuy.com/site/aquarius-the-beatles-street-1000-piece-jigsaw-puzzle-black-white-brown/1003668.p?id=1219460763580&skuId=1003668&cmp=RMXCC,15.99,840391103801,5.99,65238,Aquarius,HardGood,http://img.bbystatic.com/BestBuy_US/images/products/1003/1003668_sa.jpg,"AQUARIUS The Beatles Street 1,000-Piece Jigsaw Puzzle: 1,000 pieces; features an image of The Beatles walking down the street; measures 20"" x 27"" when completed"
1004002,"[{u'id': u'abcat0400000', u'name': u'Cameras & Camcorders'}, {u'id': u'abcat0401000', u'name': u'Digital Cameras'}, {u'id': u'abcat0401005', u'name': u'Digital SLR Cameras'}, {u'id': u'pcmcat180400050000', u'name': u'DSLR Body & Lens'}]",Canon - EOS Rebel T5 DSLR Camera with 18-55mm and 75-300mm Lenses - Black,http://www.bestbuy.com/site/canon-eos-rebel-t5-dslr-camera-with-18-55mm-and-75-300mm-lenses-black/1004002.p?id=1219459331617&skuId=1004002&cmp=RMXCC,749.99,660685134881,0,9126B069,Canon,HardGood,http://img.bbystatic.com/BestBuy_US/images/products/1004/1004002_sa.jpg,"18.0-megapixel APS-C CMOS sensorISO 100-6400, expandable to 12,800Shooting speeds up to 3 fpsFull high-definition movie mode"
1004622,"[{u'id': u'abcat0700000', u'name': u'Video Games'}, {u'id': u'abcat0701000', u'name': u'Xbox 360'}, {u'id': u'abcat0701002', u'name': u'Xbox 360 Games'}]",Sniper: Ghost Warrior - Xbox 360,http://www.bestbuy.com/site/sniper-ghost-warrior-xbox-360/1004622.p?id=1218207306495&skuId=1004622&cmp=RMXCC,19.99,897749002569,3.99,8047365,City Interactive,Game,http://img.bbystatic.com/BestBuy_US/images/products/1004/1004622_sa.jpg,Control the power of death as you ghost through the jungle
1004668,"[{u'id': u'abcat0400000', u'name': u'Cameras & Camcorders'}, {u'id': u'abcat0410022', u'name': u'Camcorder Accessories'}, {u'id': u'pcmcat329700050009', u'name': u'Action Camcorder Accessories'}, {u'id': u'pcmcat240500050057', u'name': u'Action Camcorder Mounts'}]",GoPro - Camera Roll Bar Mount - Black,http://www.bestbuy.com/site/gopro-camera-roll-bar-mount-black/1004668.p?id=1218249515093&skuId=1004668&cmp=RMXCC,29.99,185323000132,5.49,GRBM30,GoPro,HardGood,http://img.bbystatic.com/BestBuy_US/images/products/1004/1004668_rc.jpg,"Compatible with most GoPro cameras; clamps to tubes or frames ranging from 1.4-2.5"" in diameter; pivoting orientation arms"
1004695,"[{u'id': u'abcat0400000', u'name': u'Cameras & Camcorders'}, {u'id': u'abcat0410022', u'name': u'Camcorder Accessories'}, {u'id': u'pcmcat329700050009', u'name': u'Action Camcorder Accessories'}, {u'id': u'pcmcat240500050057', u'name': u'Action Camcorder Mounts'}, {u'id': u'pcmcat329700050020', u'name': u'Handlebar/Seatpost Mounts'}]",GoPro - Camera Mount Accessory Kit - Black,http://www.bestbuy.com/site/gopro-camera-mount-accessory-kit-black/1004695.p?id=1218249514954&skuId=1004695&cmp=RMXCC,19.99,185323000309,5.49,AGBAG-001,GoPro,HardGood,http://img.bbystatic.com/BestBuy_US/images/products/1004/1004695_rc.jpg,Compatible with most GoPro cameras; includes a variety of camera mounting accessories
1004804,"[{u'id': u'abcat0400000', u'name': u'Cameras & Camcorders'}, {u'id': u'abcat0410022', u'name': u'Camcorder Accessories'}, {u'id': u'pcmcat329700050009', u'name': u'Action Camcorder Accessories'}, {u'id': u'pcmcat240500050057', u'name': u'Action Camcorder Mounts'}, {u'id': u'pcmcat329700050017', u'name': u'Chest Mounts'}]",GoPro - Chest Mount Harness - Black,http://www.bestbuy.com/site/gopro-chest-mount-harness-black/1004804.p?id=1218249514750&skuId=1004804&cmp=RMXCC,39.99,185323000989,0,GCHM30,GoPro,HardGood,http://img.bbystatic.com/BestBuy_US/images/products/1004/1004804_rc.jpg,Compatible with most GoPro cameras; one-size-fits-all adjustability
1004831,"[{u'id': u'abcat0400000', u'name': u'Cameras & Camcorders'}, {u'id': u'abcat0410022', u'name': u'Camcorder Accessories'}, {u'id': u'pcmcat329700050009', u'name': u'Action Camcorder Accessories'}, {u'id': u'pcmcat240500050057', u'name': u'Action Camcorder Mounts'}, {u'id': u'pcmcat329700050020', u'name': u'Handlebar/Seatpost Mounts'}]",GoPro - Ride HERO Handlebar Seatpost Mount - Black,http://www.bestbuy.com/site/gopro-ride-hero-handlebar-seatpost-mount-black/1004831.p?id=1218249515161&skuId=1004831&cmp=RMXCC,19.99,185323000064,5.49,GRH30,GoPro,HardGood,http://img.bbystatic.com/BestBuy_US/images/products/1004/1004831_rc.jpg,"Compatible with most GoPro cameras; clamps on tubes 3/4"" - 1-1/2"" in diameter; pivoting orientation arms with 3-way adjustability"
1005118,"[{u'id': u'abcat0207000', u'name': u'Musical Instruments'}, {u'id': u'pcmcat152100050020', u'name': u'Recording Equipment'}, {u'id': u'pcmcat205700050037', u'name': u'Recording Furniture & Stands'}, {u'id': u'pcmcat251600050005', u'name': u'Recording & Music Stands'}]",American DJ - Dura Clamp,http://www.bestbuy.com/site/american-dj-dura-clamp/1005118.p?id=1218207308279&skuId=1005118CC,9.99,640282015868,5.49,Dura Clamp,American DJ,HardGood,http://img.bbystatic.com/BestBuy_US/images/products/1005/1005118_sa.jpg,"From our expanded online assortment; designed for use with the Dura Truss system; supports lighting fixtures up to 20 lbs.; fits 1/2"" truss rods"
1005181,"[{u'id': u'abcat0207000', u'name': u'Musical Instruments'}, {u'id': u'pcmcat152100050027', u'name': u'DJ & Lighting Equipment'}, {u'id': u'pcmcat152100050032', u'name': u'DJ Lighting & Effects'}]","American DJ - 20"" Glass Mirror Ball",http://www.bestbuy.com/site/american-dj-20-glass-mirror-ball/1005181.p?id=1218207307176&skuId=1005181CC,89.99,640282034272,0,M-2020,American DJ,HardGood,http://img.bbystatic.com/BestBuy_US/images/products/1005/1005181_sa.jpg,Compatible with M-101 and M-103 mirror ball motors; glass material
1005215,"[{u'id': u'abcat0207000', u'name': u'Musical Instruments'}, {u'id': u'pcmcat152100050027', u'name': u'DJ & Lighting Equipment'}, {u'id': u'pcmcat152100050032', u'name': u'DJ Lighting & Effects'}]",American DJ - Elation 4-Channel Chase Controller - Black,http://www.bestbuy.com/site/american-dj-elation-4-channel-chase-controller-black/1005215.p?id=1218207312107&skuId=1005215CC,59.99,640282052917,0,T4,American DJ,HardGood,http://img.bbystatic.com/BestBuy_US/images/products/1005/1005215_sa.jpg,"From our expanded online assortment; instant sound-to-light chase; timed, audio and chase modes; built-in microphone"
1005288,"[{u'id': u'abcat0207000', u'name': u'Musical Instruments'}, {u'id': u'pcmcat152100050027', u'name': u'DJ & Lighting Equipment'}, {u'id': u'pcmcat152100050032', u'name': u'DJ Lighting & Effects'}]",American DJ - Color Gel Filter (4-Pack),http://www.bestbuy.com/site/american-dj-color-gel-filter-4-pack/1005288.p?id=1218207302583&skuId=1005288CC,12.99,640282014441,5.49,CGS-8A,American DJ,HardGood,http://img.bbystatic.com/BestBuy_US/images/products/1005/1005288_sa.jpg,"Designed for use with most Par-56 can gel frames; red, blue, yellow and green gel filters"
1005297,"[{u'id': u'abcat0207000', u'name': u'Musical Instruments'}, {u'id': u'pcmcat152100050027', u'name': u'DJ & Lighting Equipment'}, {u'id': u'pcmcat152100050032', u'name': u'DJ Lighting & Effects'}]",American DJ - Crystal Bright Accent Strip CW LED Strip (4-Pack) - White,http://www.bestbuy.com/site/american-dj-crystal-bright-accent-strip-cw-led-strip-4-pack-white/1005297.p?id=1218207312036&skuId=1005297CC,39.99,640282000734,0,Accent Strip Black CW,American DJ,HardGood,http://img.bbystatic.com/BestBuy_US/images/products/1005/1005297_sa.jpg,From our expanded online assortment; 4 self-adhesive strips; cool white LEDs; AC adapter
1005312,"[{u'id': u'abcat0207000', u'name': u'Musical Instruments'}, {u'id': u'pcmcat152100050020', u'name': u'Recording Equipment'}, {u'id': u'pcmcat205700050037', u'name': u'Recording Furniture & Stands'}, {u'id': u'pcmcat251600050005', u'name': u'Recording & Music Stands'}]",American DJ - Tripod Stand - Black,http://www.bestbuy.com/site/american-dj-tripod-stand-black/1005312.p?id=1218207306201&skuId=1005312CC,44.99,640282033763,0,Lts-6,American DJ,HardGood,http://img.bbystatic.com/BestBuy_US/images/products/1005/1005312_sa.jpg,"From our expanded online assortment; designed for use with most par cans, pin spots and lighting fixtures; extends up to 9'; collapsible design"
1005358,"[{u'id': u'abcat0207000', u'name': u'Musical Instruments'}, {u'id': u'pcmcat152100050027', u'name': u'DJ & Lighting Equipment'}, {u'id': u'pcmcat152100050032', u'name': u'DJ Lighting & Effects'}]",American DJ - DMX Dimmer Pack,http://www.bestbuy.com/site/american-dj-dmx-dimmer-pack/1005358.p?id=1218207306104&skuId=1005358CC,199.99,640282044301,0,DP-DMX20L,American DJ,HardGood,http://img.bbystatic.com/BestBuy_US/images/products/1005/1005358_sa.jpg,From our expanded online assortment; digital display; LED indicators; 16 built-in chases; reversible mounting brackets
1005409,"[{u'id': u'abcat0207000', u'name': u'Musical Instruments'}, {u'id': u'pcmcat152100050027', u'name': u'DJ & Lighting Equipment'}, {u'id': u'pcmcat152100050032', u'name': u'DJ Lighting & Effects'}]","American DJ - 16"" Glass Mirror Ball",http://www.bestbuy.com/site/american-dj-16-glass-mirror-ball/1005409.p?id=1218207315272&skuId=1005409&cmp=RMXCC,54.99,640282034180,0,M-1616,American DJ,HardGood,http://img.bbystatic.com/BestBuy_US/images/products/1005/1005409_sa.jpg,From our expanded online assortment; compatible with M-101 and M-103 mirror ball motors; glass material
1005454,"[{u'id': u'abcat0207000', u'name': u'Musical Instruments'}, {u'id': u'pcmcat152100050027', u'name': u'DJ & Lighting Equipment'}, {u'id': u'pcmcat152100050032', u'name': u'DJ Lighting & Effects'}]",American DJ - Bubble Blast Bubble Machine,http://www.bestbuy.com/site/american-dj-bubble-blast-bubble-machine/1005454.p?id=1218207314448&skuId=1005454CC,299.99,640282012997,0,Bubble Blast,American DJ,HardGood,http://img.bbystatic.com/BestBuy_US/images/products/1005/1005454_rc.jpg,Compatible with most types of bubble liquid; dual-fan lift system; drainage valve system; top-load filling container; remote; on/off switch; wheels and dual handles
1005515,"[{u'id': u'abcat0207000', u'name': u'Musical Instruments'}, {u'id': u'pcmcat152100050027', u'name': u'DJ & Lighting Equipment'}, {u'id': u'pcmcat152100050032', u'name': u'DJ Lighting & Effects'}]","American DJ - 12"" Glass Mirror Ball",http://www.bestbuy.com/site/american-dj-12-glass-mirror-ball/1005515.p?id=1218207307351&skuId=1005515&cmp=RMXCC,25.99,640282034128,8.49,M-1212,American DJ,HardGood,http://img.bbystatic.com/BestBuy_US/images/products/1005/1005515_sa.jpg,From our expanded online assortment; glass material; portable
1005542,"[{u'id': u'abcat0207000', u'name': u'Musical Instruments'}, {u'id': u'pcmcat152100050027', u'name': u'DJ & Lighting Equipment'}, {u'id': u'pcmcat152100050032', u'name': u'DJ Lighting & Effects'}]",American DJ - Par 46 Can Kit - Black,http://www.bestbuy.com/site/american-dj-par-46-can-kit-black/1005542.p?id=1218207310574&skuId=1005542CC,44.99,640282010078,0,46 Black Combo,American DJ,HardGood,http://img.bbystatic.com/BestBuy_US/images/products/1005/1005542_sa.jpg,From our expanded online assortment; 200W lamp; 4 color gel filters; clamp; safety cable
1005667,"[{u'id': u'abcat0207000', u'name': u'Musical Instruments'}, {u'id': u'pcmcat152100050027', u'name': u'DJ & Lighting Equipment'}, {u'id': u'pcmcat152100050032', u'name': u'DJ Lighting & Effects'}]",American DJ - Elation Stage Pack,http://www.bestbuy.com/site/american-dj-elation-stage-pack/1005667.p?id=1218207310858&skuId=1005667CC,499.99,640282051361,0,Stage Pak 1,American DJ,HardGood,http://img.bbystatic.com/BestBuy_US/images/products/1005/1005667_sa.jpg,From our expanded online assortment; 16-channel DMX controller; 2 XLR cables; two 4-channel dimmers
1005694,"[{u'id': u'abcat0207000', u'name': u'Musical Instruments'}, {u'id': u'pcmcat152100050027', u'name': u'DJ & Lighting Equipment'}, {u'id': u'pcmcat152100050032', u'name': u'DJ Lighting & Effects'}]",American DJ - DMX Mirror Ball Motor,http://www.bestbuy.com/site/american-dj-dmx-mirror-ball-motor/1005694.p?id=1218207313618&skuId=1005694CC,129.99,640282038324,0,MB DMX II,American DJ,HardGood,http://img.bbystatic.com/BestBuy_US/images/products/1005/1005694_rc.jpg,"From our expanded online assortment; designed for use with most mirror balls up to 20""; 2 DMX channels; circuit breaker protection"
1005721,"[{u'id': u'abcat0207000', u'name': u'Musical Instruments'}, {u'id': u'abcat0208024', u'name': u'Musical Instrument Accessories'}, {u'id': u'pcmcat152100050033', u'name': u'DJ Equipment Accessories'}]",American DJ - 5' CD Data Cable - Gray,http://www.bestbuy.com/site/american-dj-5-cd-data-cable-gray/1005721.p?id=1218207302785&skuId=1005721CC,13.99,640282015844,5.49,CDD5,American DJ,HardGood,http://img.bbystatic.com/BestBuy_US/images/products/1005/1005721_sa.jpg,Compatible with most dual CD players with an 8-pin to 8-pin connection; replacement cable
1005758,"[{u'id': u'abcat0207000', u'name': u'Musical Instruments'}, {u'id': u'pcmcat152100050027', u'name': u'DJ & Lighting Equipment'}, {u'id': u'pcmcat152100050032', u'name': u'DJ Lighting & Effects'}]",American DJ - Dekker LED Effects Light - Black,http://www.bestbuy.com/site/american-dj-dekker-led-effects-light-black/1005758.p?id=1218207311754&skuId=1005758CC,169.99,640282000994,0,Dekker Led,American DJ,HardGood,http://img.bbystatic.com/BestBuy_US/images/products/1005/1005758_sa.jpg,From our expanded online assortment; colored beams and 40 lenses; 3-button DMX LED menu; strobe effect; hanging bracket
1005794,"[{u'id': u'abcat0207000', u'name': u'Musical Instruments'}, {u'id': u'pcmcat152100050027', u'name': u'DJ & Lighting Equipment'}, {u'id': u'pcmcat152100050032', u'name': u'DJ Lighting & Effects'}]",American DJ - Par 56 Can Kit - Black,http://www.bestbuy.com/site/american-dj-par-56-can-kit-black/1005794.p?id=1218207304604&skuId=1005794CC,49.99,640282010085,0,56 Black Combo,American DJ,HardGood,http://img.bbystatic.com/BestBuy_US/images/products/1005/1005794_sa.jpg,From our expanded online assortment; 300W lamp; 4 color gel filters; clamp; safety cable
1005803,"[{u'id': u'abcat0207000', u'name': u'Musical Instruments'}, {u'id': u'abcat0208024', u'name': u'Musical Instrument Accessories'}, {u'id': u'pcmcat152100050033', u'name': u'DJ Equipment Accessories'}]",American DJ - Stage Tape - Black,http://www.bestbuy.com/site/american-dj-stage-tape-black/1005803.p?id=1218207310997&skuId=1005803CC,15.99,640282052931,6.49,Tape 2b,American DJ,HardGood,http://img.bbystatic.com/BestBuy_US/images/products/1005/1005803_sa.jpg,"From our expanded online assortment; ideal for a variety of DJ applications; 2"" wide; no heavy residue"
1005849,"[{u'id': u'abcat0207000', u'name': u'Musical Instruments'}, {u'id': u'abcat0208024', u'name': u'Musical Instrument Accessories'}, {u'id': u'pcmcat152100050033', u'name': u'DJ Equipment Accessories'}]","American DJ - 4"" Gaffers Tape - Black",http://www.bestbuy.com/site/american-dj-4-gaffers-tape-black/1005849.p?id=1218207310042&skuId=1005849&cmp=RMXCC,34.99,640282022897,6.49,GT4B,American DJ,HardGood,http://img.bbystatic.com/BestBuy_US/images/products/1005/1005849_sa.jpg,"From our expanded online assortment; 4"" wide; 135' of tape; cloth-like structure"
1005867,"[{u'id': u'abcat0207000', u'name': u'Musical Instruments'}, {u'id': u'abcat0208024', u'name': u'Musical Instrument Accessories'}, {u'id': u'pcmcat152100050033', u'name': u'DJ Equipment Accessories'}]","American DJ - 2"" Gaffers Tape - White",http://www.bestbuy.com/site/american-dj-2-gaffers-tape-white/1005867.p?id=1218207306630&skuId=1005867&cmp=RMXCC,20.99,640282022880,5.99,GT2W,American DJ,HardGood,http://img.bbystatic.com/BestBuy_US/images/products/1005/1005867_sa.jpg,"From our expanded online assortment; 2"" wide; 135' of tape; cloth-like structure"
1005885,"[{u'id': u'abcat0207000', u'name': u'Musical Instruments'}, {u'id': u'pcmcat152100050027', u'name': u'DJ & Lighting Equipment'}, {u'id': u'pcmcat152100050032', u'name': u'DJ Lighting & Effects'}]",American DJ - 15-1/2' Flash Rope,http://www.bestbuy.com/site/american-dj-15-1-2-flash-rope/1005885.p?id=1218207314033&skuId=1005885CC,79.99,640282021982,0,FLASH ROPE,American DJ,HardGood,http://img.bbystatic.com/BestBuy_US/images/products/1005/1005885_sa.jpg,From our expanded online assortment; 12 flash capsules; rain-resistant; built-in hanging ring
1005894,"[{u'id': u'abcat0207000', u'name': u'Musical Instruments'}, {u'id': u'pcmcat152100050027', u'name': u'DJ & Lighting Equipment'}, {u'id': u'pcmcat152100050032', u'name': u'DJ Lighting & Effects'}]",American DJ - 3 RPM Mirror Ball Motor,http://www.bestbuy.com/site/american-dj-3-rpm-mirror-ball-motor/1005894.p?id=1218207311613&skuId=1005894CC,14.99,640282034609,5.49,M-HDAC8,American DJ,HardGood,http://img.bbystatic.com/BestBuy_US/images/products/1005/1005894_sa.jpg,"From our expanded online assortment; AC motor; 3 rpm; holds mirror balls up to 12"""
1005903,"[{u'id': u'abcat0207000', u'name': u'Musical Instruments'}, {u'id': u'pcmcat152100050027', u'name': u'DJ & Lighting Equipment'}, {u'id': u'pcmcat152100050032', u'name': u'DJ Lighting & Effects'}]",American DJ - LED Color Panel - Black,http://www.bestbuy.com/site/american-dj-led-color-panel-black/1005903.p?id=1218207315201&skuId=1005903CC,199.99,640282001359,0,Profile Panel RGB,American DJ,HardGood,http://img.bbystatic.com/BestBuy_US/images/pac/products/1306/1306786803/1306786803_sa.jpg,From our expanded online assortment; 288 LEDs; 7 DMX channel modes; 4 operational modes; strobe and dimming effects
1005912,"[{u'id': u'abcat0207000', u'name': u'Musical Instruments'}, {u'id': u'pcmcat152100050027', u'name': u'DJ & Lighting Equipment'}, {u'id': u'pcmcat152100050032', u'name': u'DJ Lighting & Effects'}]",American DJ - 1 RPM Mirror Ball Motor,http://www.bestbuy.com/site/american-dj-1-rpm-mirror-ball-motor/1005912.p?id=1218207308006&skuId=1005912CC,14.99,640282034005,5.49,M-1-RPM,American DJ,HardGood,http://img.bbystatic.com/BestBuy_US/images/products/1005/1005912_sa.jpg,"From our expanded online assortment; AC motor; 1 rpm; holds mirror balls up to 16"""
1005985,"[{u'id': u'abcat0207000', u'name': u'Musical Instruments'}, {u'id': u'pcmcat152100050027', u'name': u'DJ & Lighting Equipment'}, {u'id': u'pcmcat152100050032', u'name': u'DJ Lighting & Effects'}]",American DJ - Chase Controller Pack,http://www.bestbuy.com/site/american-dj-chase-controller-pack/1005985.p?id=1218207316314&skuId=1005985&cmp=RMXCC,99.99,640282000093,0,T20F,American DJ,HardGood,http://img.bbystatic.com/BestBuy_US/images/products/1005/1005985_rc.jpg,From our expanded online assortment; designed to chase LED and halogen par cans; 20 built-in programs; 7 preset scenes
1006029,"[{u'id': u'abcat0207000', u'name': u'Musical Instruments'}, {u'id': u'pcmcat152100050027', u'name': u'DJ & Lighting Equipment'}, {u'id': u'pcmcat152100050032', u'name': u'DJ Lighting & Effects'}]",American DJ - Par Can Kit - Black,http://www.bestbuy.com/site/american-dj-par-can-kit-black/1006029.p?id=1218207302854&skuId=1006029CC,54.99,640282010139,0,64 Combo Black,American DJ,HardGood,http://img.bbystatic.com/BestBuy_US/images/products/1006/1006029_sa.jpg,"From our expanded online assortment; ideal for theaters, mobile entertainment and bands; 4 color gel filters; safety cable"
1006038,"[{u'id': u'abcat0207000', u'name': u'Musical Instruments'}, {u'id': u'abcat0208024', u'name': u'Musical Instrument Accessories'}, {u'id': u'pcmcat152100050033', u'name': u'DJ Equipment Accessories'}]",American DJ - 8-Channel Switch Center,http://www.bestbuy.com/site/american-dj-8-channel-switch-center/1006038.p?id=1218207312804&skuId=1006038CC,99.99,640282048293,0,SC8 SYSTEM,American DJ,HardGood,http://img.bbystatic.com/BestBuy_US/images/products/1006/1006038_sa.jpg,From our expanded online assortment; built-in power supply; 8 channels
1006046,"[{u'id': u'abcat0207000', u'name': u'Musical Instruments'}, {u'id': u'abcat0207005', u'name': u'Karaoke'}, {u'id': u'pcmcat251600050000', u'name': u'Karaoke Machines'}]",VocoPro - TabletOke Digital Karaoke Mixer - Black/Gray,http://www.bestbuy.com/site/vocopro-tabletoke-digital-karaoke-mixer-black-gray/1006046.p?id=1219460765652&skuId=1006046&cmp=RMXCC,149.99,692868822537,0,TABLETOKE,VocoPro,HardGood,http://img.bbystatic.com/BestBuy_US/images/products/1006/1006046_sa.jpg,"VOCOPRO TabletOke Digital Karaoke Mixer: Built-in Bluetooth music receiver; compatible with select smartphones, tablets and laptops with a 3.5mm (1/8"") jack; connects to karaoke player for CDG or DVD disc playback"
1006065,"[{u'id': u'abcat0207000', u'name': u'Musical Instruments'}, {u'id': u'pcmcat152100050027', u'name': u'DJ & Lighting Equipment'}, {u'id': u'pcmcat152100050032', u'name': u'DJ Lighting & Effects'}]",American DJ - 1 Gal. Bubble Juice,http://www.bestbuy.com/site/american-dj-1-gal-bubble-juice/1006065.p?id=1218207315613&skuId=1006065CC,19.99,640282013031,9.99,Bub/G,American DJ,HardGood,http://img.bbystatic.com/BestBuy_US/images/products/1006/1006065_sa.jpg,From our expanded online assortment; designed for use in bubble machines; colorless; 1 gal.
1006126,"[{u'id': u'abcat0207000', u'name': u'Musical Instruments'}, {u'id': u'pcmcat152100050027', u'name': u'DJ & Lighting Equipment'}, {u'id': u'pcmcat152100050028', u'name': u'DJ CD Players'}]",American Audio - Radius 3000 MIDI Controller - Black,http://www.bestbuy.com/site/american-audio-radius-3000-midi-controller-black/1006126.p?id=1218207305296&skuId=1006126CC,399.99,640282000963,0,Radius 3000,American Audio,HardGood,http://img.bbystatic.com/BestBuy_US/images/products/1006/1006126_sa.jpg,"From our expanded online assortment; plays MP3, WAV, CD and CD-R formats; media card slot; USB port; PowerTouch digital scratching; 9 on-board effects"
1006144,"[{u'id': u'abcat0207000', u'name': u'Musical Instruments'}, {u'id': u'abcat0208024', u'name': u'Musical Instrument Accessories'}, {u'id': u'pcmcat152100050033', u'name': u'DJ Equipment Accessories'}]",American DJ - 2' Safety Cable - Silver,http://www.bestbuy.com/site/american-dj-2-safety-cable-silver/1006144.p?id=1218207315886&skuId=1006144CC,11.99,640282091893,5.49,Scable 60,American DJ,HardGood,http://img.bbystatic.com/BestBuy_US/images/products/1006/1006144_sa.jpg,Secures DJ light fixtures to a truss or pipe; steel construction; 60 lb. weight rating
1006199,"[{u'id': u'abcat0207000', u'name': u'Musical Instruments'}, {u'id': u'pcmcat152100050020', u'name': u'Recording Equipment'}, {u'id': u'pcmcat205700050037', u'name': u'Recording Furniture & Stands'}, {u'id': u'pcmcat251600050005', u'name': u'Recording & Music Stands'}]",American DJ - Crank-2 Mobile Stand System - Black,http://www.bestbuy.com/site/american-dj-crank-2-mobile-stand-system-black/1006199.p?id=1218207305427&skuId=1006199CC,119.99,640282015417,0,Crank 2,American DJ,HardGood,http://img.bbystatic.com/BestBuy_US/images/products/1006/1006199_sa.jpg,From our expanded online assortment; raises equipment up to 10'; steel tripod stand; steel truss sections
1006435,"[{u'id': u'abcat0500000', u'name': u'Computers & Tablets'}, {u'id': u'abcat0515000', u'name': u'Computer Accessories & Peripherals'}, {u'id': u'abcat0515042', u'name': u'Surge Protectors & Power'}, {u'id': u'abcat0515043', u'name': u'Battery Backup (UPS)'}]",CyberPower - 700VA Smart App Series Battery Back-Up System - Black,http://www.bestbuy.com/site/cyberpower-700va-smart-app-series-battery-back-up-system-black/1006435.p?id=1218207313830&skuId=1006435&cmp=RMXCC,225.99,649532715046,0,OR700LCDRM1U,CyberPower,HardGood,http://img.bbystatic.com/BestBuy_US/images/products/1006/1006435_sa.jpg,"CYBERPOWER 700VA Smart App Series Battery Back-Up System: 1030 joules of protection; 6 outlets, including 4 battery- and surge-protected outlets; phone/network line protection; front-panel LCD; 10' cord"
1007009,"[{u'id': u'abcat0700000', u'name': u'Video Games'}, {u'id': u'pcmcat232900050017', u'name': u'Pre-Owned Games'}]",Fantasy Life - PRE-OWNED - Nintendo 3DS,http://www.bestbuy.com/site/fantasy-life-pre-owned-nintendo-3ds/1007009.p?id=1219460752592&skuId=1007009&cmp=RMXCC,9.99,799007840268,3.99,PREOWNED,Nintendo,Game,http://img.bbystatic.com/BestBuy_US/images/products/1007/1007009_sa.jpg,Choose your fate as you journey through a fascinating land on the adventure of a lifetime
1007107,"[{u'id': u'abcat0300000', u'name': u'Car Electronics & GPS'}, {u'id': u'abcat0302000', u'name': u'Car Audio'}, {u'id': u'abcat0302001', u'name': u'Car Amplifiers'}, {u'id': u'abcat0302002', u'name': u'2-Channel Amps'}]",Polk Audio - 300W Class AB Bridgeable 2-Channel MOSFET Amplifier with Switchable Bass Boost - Black,http://www.bestbuy.com/site/polk-audio-300w-class-ab-bridgeable-2-channel-mosfet-amplifier-with-switchable-bass-boost-black/1007107.p?id=1218207655270&skuId=1007107CC,189.99,747192120702,0,PA330,Polk Audio,HardGood,http://img.bbystatic.com/BestBuy_US/images/products/1007/1007107_sa.jpg,Selectable high or low-pass crossover; variable input gain; switchable 3-position bass boost
1008008,"[{u'id': u'abcat0700000', u'name': u'Video Games'}, {u'id': u'pcmcat232900050017', u'name': u'Pre-Owned Games'}]",Power Rangers: Super Megaforce - PRE-OWNED - Nintendo 3DS,http://www.bestbuy.com/site/power-rangers-super-megaforce-pre-owned-nintendo-3ds/1008008.p?id=1219482739482&skuId=1008008&cmp=RMXCC,9.99,799007840275,3.99,PREOWNED,Namco,Game,http://img.bbystatic.com/BestBuy_US/images/products/1008/1008008_sa.jpg,Harness the powers of legendary Rangers to save Earth from an alien invasion
1008728,"[{u'id': u'pcmcat312300050015', u'name': u'Connected Home & Housewares'}, {u'id': u'abcat0805000', u'name': u'Office Electronics'}, {u'id': u'pcmcat193100050011', u'name': u'Digital Pens & Accessories'}]","Livescribe - Deluxe Carrying Case for Pen, Accessories",http://www.bestbuy.com/site/livescribe-deluxe-carrying-case-for-pen-accessories/1008728.p?id=1218207656500&skuId=1008728&cmp=RMXCC,24.99,892515002026,,AAA-00015,Livescribe,HardGood,http://img.bbystatic.com/BestBuy_US/images/products/1008/1008728_sa.jpg,Leather
